[
  {
    "name": "Application Start",
    "start": 1600485665539,
    "end": 1600485667539,
    "duration": 2000,
    "pid": 16812,
    "index": 0
  },
  {
    "name": "Load Plugin",
    "start": 1600485665542,
    "end": 1600485665558,
    "duration": 16,
    "pid": 16812,
    "index": 1
  },
  {
    "name": "Load Config",
    "start": 1600485665558,
    "end": 1600485665575,
    "duration": 17,
    "pid": 16812,
    "index": 2
  },
  {
    "name": "Require(0) config/config.default.js",
    "start": 1600485665558,
    "end": 1600485665559,
    "duration": 1,
    "pid": 16812,
    "index": 3
  },
  {
    "name": "Require(1) node_modules/egg-session/config/config.default.js",
    "start": 1600485665560,
    "end": 1600485665560,
    "duration": 0,
    "pid": 16812,
    "index": 4
  },
  {
    "name": "Require(2) node_modules/egg-security/config/config.default.js",
    "start": 1600485665561,
    "end": 1600485665561,
    "duration": 0,
    "pid": 16812,
    "index": 5
  },
  {
    "name": "Require(3) node_modules/egg-jsonp/config/config.default.js",
    "start": 1600485665561,
    "end": 1600485665562,
    "duration": 1,
    "pid": 16812,
    "index": 6
  },
  {
    "name": "Require(4) node_modules/egg-onerror/config/config.default.js",
    "start": 1600485665562,
    "end": 1600485665562,
    "duration": 0,
    "pid": 16812,
    "index": 7
  },
  {
    "name": "Require(5) node_modules/egg-i18n/config/config.default.js",
    "start": 1600485665563,
    "end": 1600485665563,
    "duration": 0,
    "pid": 16812,
    "index": 8
  },
  {
    "name": "Require(6) node_modules/egg-watcher/config/config.default.js",
    "start": 1600485665563,
    "end": 1600485665563,
    "duration": 0,
    "pid": 16812,
    "index": 9
  },
  {
    "name": "Require(7) node_modules/egg-schedule/config/config.default.js",
    "start": 1600485665564,
    "end": 1600485665564,
    "duration": 0,
    "pid": 16812,
    "index": 10
  },
  {
    "name": "Require(8) node_modules/egg-multipart/config/config.default.js",
    "start": 1600485665564,
    "end": 1600485665565,
    "duration": 1,
    "pid": 16812,
    "index": 11
  },
  {
    "name": "Require(9) node_modules/egg-development/config/config.default.js",
    "start": 1600485665565,
    "end": 1600485665565,
    "duration": 0,
    "pid": 16812,
    "index": 12
  },
  {
    "name": "Require(10) node_modules/egg-logrotator/config/config.default.js",
    "start": 1600485665566,
    "end": 1600485665566,
    "duration": 0,
    "pid": 16812,
    "index": 13
  },
  {
    "name": "Require(11) node_modules/egg-static/config/config.default.js",
    "start": 1600485665566,
    "end": 1600485665567,
    "duration": 1,
    "pid": 16812,
    "index": 14
  },
  {
    "name": "Require(12) node_modules/egg-view/config/config.default.js",
    "start": 1600485665567,
    "end": 1600485665567,
    "duration": 0,
    "pid": 16812,
    "index": 15
  },
  {
    "name": "Require(13) node_modules/egg-mysql/config/config.default.js",
    "start": 1600485665568,
    "end": 1600485665568,
    "duration": 0,
    "pid": 16812,
    "index": 16
  },
  {
    "name": "Require(14) node_modules/egg-sequelize/config/config.default.js",
    "start": 1600485665568,
    "end": 1600485665568,
    "duration": 0,
    "pid": 16812,
    "index": 17
  },
  {
    "name": "Require(15) node_modules/egg-jwt/config/config.default.js",
    "start": 1600485665569,
    "end": 1600485665569,
    "duration": 0,
    "pid": 16812,
    "index": 18
  },
  {
    "name": "Require(16) node_modules/egg-cors/config/config.default.js",
    "start": 1600485665569,
    "end": 1600485665570,
    "duration": 1,
    "pid": 16812,
    "index": 19
  },
  {
    "name": "Require(17) node_modules/egg/config/config.default.js",
    "start": 1600485665570,
    "end": 1600485665570,
    "duration": 0,
    "pid": 16812,
    "index": 20
  },
  {
    "name": "Require(18) config/config.default.js",
    "start": 1600485665571,
    "end": 1600485665571,
    "duration": 0,
    "pid": 16812,
    "index": 21
  },
  {
    "name": "Require(19) node_modules/egg-security/config/config.local.js",
    "start": 1600485665572,
    "end": 1600485665572,
    "duration": 0,
    "pid": 16812,
    "index": 22
  },
  {
    "name": "Require(20) node_modules/egg-watcher/config/config.local.js",
    "start": 1600485665573,
    "end": 1600485665573,
    "duration": 0,
    "pid": 16812,
    "index": 23
  },
  {
    "name": "Require(21) node_modules/egg-view/config/config.local.js",
    "start": 1600485665574,
    "end": 1600485665574,
    "duration": 0,
    "pid": 16812,
    "index": 24
  },
  {
    "name": "Require(22) node_modules/egg/config/config.local.js",
    "start": 1600485665575,
    "end": 1600485665575,
    "duration": 0,
    "pid": 16812,
    "index": 25
  },
  {
    "name": "Load extend/application.js",
    "start": 1600485665576,
    "end": 1600485665901,
    "duration": 325,
    "pid": 16812,
    "index": 26
  },
  {
    "name": "Require(23) node_modules/egg-session/app/extend/application.js",
    "start": 1600485665577,
    "end": 1600485665582,
    "duration": 5,
    "pid": 16812,
    "index": 27
  },
  {
    "name": "Require(24) node_modules/egg-security/app/extend/application.js",
    "start": 1600485665583,
    "end": 1600485665591,
    "duration": 8,
    "pid": 16812,
    "index": 28
  },
  {
    "name": "Require(25) node_modules/egg-jsonp/app/extend/application.js",
    "start": 1600485665592,
    "end": 1600485665598,
    "duration": 6,
    "pid": 16812,
    "index": 29
  },
  {
    "name": "Require(26) node_modules/egg-logrotator/app/extend/application.js",
    "start": 1600485665599,
    "end": 1600485665605,
    "duration": 6,
    "pid": 16812,
    "index": 30
  },
  {
    "name": "Require(27) node_modules/egg-view/app/extend/application.js",
    "start": 1600485665605,
    "end": 1600485665616,
    "duration": 11,
    "pid": 16812,
    "index": 31
  },
  {
    "name": "Require(28) node_modules/egg-jwt/app/extend/application.js",
    "start": 1600485665616,
    "end": 1600485665898,
    "duration": 282,
    "pid": 16812,
    "index": 32
  },
  {
    "name": "Load extend/request.js",
    "start": 1600485665901,
    "end": 1600485665913,
    "duration": 12,
    "pid": 16812,
    "index": 33
  },
  {
    "name": "Require(29) node_modules/egg/app/extend/request.js",
    "start": 1600485665904,
    "end": 1600485665911,
    "duration": 7,
    "pid": 16812,
    "index": 34
  },
  {
    "name": "Load extend/response.js",
    "start": 1600485665913,
    "end": 1600485665933,
    "duration": 20,
    "pid": 16812,
    "index": 35
  },
  {
    "name": "Require(30) node_modules/egg/app/extend/response.js",
    "start": 1600485665915,
    "end": 1600485665931,
    "duration": 16,
    "pid": 16812,
    "index": 36
  },
  {
    "name": "Load extend/context.js",
    "start": 1600485665933,
    "end": 1600485665990,
    "duration": 57,
    "pid": 16812,
    "index": 37
  },
  {
    "name": "Require(31) node_modules/egg-security/app/extend/context.js",
    "start": 1600485665934,
    "end": 1600485665943,
    "duration": 9,
    "pid": 16812,
    "index": 38
  },
  {
    "name": "Require(32) node_modules/egg-jsonp/app/extend/context.js",
    "start": 1600485665943,
    "end": 1600485665944,
    "duration": 1,
    "pid": 16812,
    "index": 39
  },
  {
    "name": "Require(33) node_modules/egg-i18n/app/extend/context.js",
    "start": 1600485665945,
    "end": 1600485665945,
    "duration": 0,
    "pid": 16812,
    "index": 40
  },
  {
    "name": "Require(34) node_modules/egg-multipart/app/extend/context.js",
    "start": 1600485665946,
    "end": 1600485665983,
    "duration": 37,
    "pid": 16812,
    "index": 41
  },
  {
    "name": "Require(35) node_modules/egg-view/app/extend/context.js",
    "start": 1600485665984,
    "end": 1600485665985,
    "duration": 1,
    "pid": 16812,
    "index": 42
  },
  {
    "name": "Require(36) node_modules/egg/app/extend/context.js",
    "start": 1600485665986,
    "end": 1600485665988,
    "duration": 2,
    "pid": 16812,
    "index": 43
  },
  {
    "name": "Load extend/helper.js",
    "start": 1600485665990,
    "end": 1600485666125,
    "duration": 135,
    "pid": 16812,
    "index": 44
  },
  {
    "name": "Require(37) node_modules/egg-security/app/extend/helper.js",
    "start": 1600485665991,
    "end": 1600485666116,
    "duration": 125,
    "pid": 16812,
    "index": 45
  },
  {
    "name": "Require(38) node_modules/egg/app/extend/helper.js",
    "start": 1600485666118,
    "end": 1600485666123,
    "duration": 5,
    "pid": 16812,
    "index": 46
  },
  {
    "name": "Load app.js",
    "start": 1600485666126,
    "end": 1600485666334,
    "duration": 208,
    "pid": 16812,
    "index": 47
  },
  {
    "name": "Require(39) node_modules/egg-session/app.js",
    "start": 1600485666126,
    "end": 1600485666130,
    "duration": 4,
    "pid": 16812,
    "index": 48
  },
  {
    "name": "Require(40) node_modules/egg-security/app.js",
    "start": 1600485666131,
    "end": 1600485666141,
    "duration": 10,
    "pid": 16812,
    "index": 49
  },
  {
    "name": "Require(41) node_modules/egg-onerror/app.js",
    "start": 1600485666142,
    "end": 1600485666209,
    "duration": 67,
    "pid": 16812,
    "index": 50
  },
  {
    "name": "Require(42) node_modules/egg-i18n/app.js",
    "start": 1600485666209,
    "end": 1600485666270,
    "duration": 61,
    "pid": 16812,
    "index": 51
  },
  {
    "name": "Require(43) node_modules/egg-watcher/app.js",
    "start": 1600485666270,
    "end": 1600485666274,
    "duration": 4,
    "pid": 16812,
    "index": 52
  },
  {
    "name": "Require(44) node_modules/egg-schedule/app.js",
    "start": 1600485666274,
    "end": 1600485666280,
    "duration": 6,
    "pid": 16812,
    "index": 53
  },
  {
    "name": "Require(45) node_modules/egg-multipart/app.js",
    "start": 1600485666281,
    "end": 1600485666286,
    "duration": 5,
    "pid": 16812,
    "index": 54
  },
  {
    "name": "Require(46) node_modules/egg-development/app.js",
    "start": 1600485666286,
    "end": 1600485666290,
    "duration": 4,
    "pid": 16812,
    "index": 55
  },
  {
    "name": "Require(47) node_modules/egg-logrotator/app.js",
    "start": 1600485666291,
    "end": 1600485666297,
    "duration": 6,
    "pid": 16812,
    "index": 56
  },
  {
    "name": "Require(48) node_modules/egg-static/app.js",
    "start": 1600485666298,
    "end": 1600485666301,
    "duration": 3,
    "pid": 16812,
    "index": 57
  },
  {
    "name": "Require(49) node_modules/egg-mysql/app.js",
    "start": 1600485666302,
    "end": 1600485666321,
    "duration": 19,
    "pid": 16812,
    "index": 58
  },
  {
    "name": "Require(50) node_modules/egg-sequelize/app.js",
    "start": 1600485666321,
    "end": 1600485666325,
    "duration": 4,
    "pid": 16812,
    "index": 59
  },
  {
    "name": "Require(51) node_modules/egg-jwt/app.js",
    "start": 1600485666325,
    "end": 1600485666329,
    "duration": 4,
    "pid": 16812,
    "index": 60
  },
  {
    "name": "Require(52) node_modules/egg-cors/app.js",
    "start": 1600485666329,
    "end": 1600485666334,
    "duration": 5,
    "pid": 16812,
    "index": 61
  },
  {
    "name": "Before Start in node_modules/egg-watcher/lib/init.js:15:14",
    "start": 1600485666361,
    "end": 1600485667522,
    "duration": 1161,
    "pid": 16812,
    "index": 62
  },
  {
    "name": "Load \"Symbol(model)\" to Application",
    "start": 1600485666664,
    "end": 1600485666675,
    "duration": 11,
    "pid": 16812,
    "index": 63
  },
  {
    "name": "Before Start in node_modules/egg-sequelize/lib/loader.js:39:7",
    "start": 1600485666676,
    "end": 1600485667539,
    "duration": 863,
    "pid": 16812,
    "index": 64
  },
  {
    "name": "Load Service",
    "start": 1600485666676,
    "end": 1600485666684,
    "duration": 8,
    "pid": 16812,
    "index": 65
  },
  {
    "name": "Load \"service\" to Context",
    "start": 1600485666676,
    "end": 1600485666684,
    "duration": 8,
    "pid": 16812,
    "index": 66
  },
  {
    "name": "Load Middleware",
    "start": 1600485666684,
    "end": 1600485667452,
    "duration": 768,
    "pid": 16812,
    "index": 67
  },
  {
    "name": "Load \"middlewares\" to Application",
    "start": 1600485666684,
    "end": 1600485667420,
    "duration": 736,
    "pid": 16812,
    "index": 68
  },
  {
    "name": "Load Controller",
    "start": 1600485667452,
    "end": 1600485667468,
    "duration": 16,
    "pid": 16812,
    "index": 69
  },
  {
    "name": "Load \"controller\" to Application",
    "start": 1600485667452,
    "end": 1600485667468,
    "duration": 16,
    "pid": 16812,
    "index": 70
  },
  {
    "name": "Load Router",
    "start": 1600485667468,
    "end": 1600485667474,
    "duration": 6,
    "pid": 16812,
    "index": 71
  },
  {
    "name": "Require(53) app/router.js",
    "start": 1600485667468,
    "end": 1600485667472,
    "duration": 4,
    "pid": 16812,
    "index": 72
  },
  {
    "name": "Before Start in node_modules/egg-core/lib/egg.js:303:10",
    "start": 1600485667473,
    "end": 1600485667497,
    "duration": 24,
    "pid": 16812,
    "index": 73
  }
]